--
-- PostgreSQL database dump
--

-- Dumped from database version 12.20
-- Dumped by pg_dump version 12.20

SET statement_timeout = 0;
SET lock_timeout = 0;
SET idle_in_transaction_session_timeout = 0;
SET client_encoding = 'UTF8';
SET standard_conforming_strings = on;
SELECT pg_catalog.set_config('search_path', '', false);
SET check_function_bodies = false;
SET xmloption = content;
SET client_min_messages = warning;
SET row_security = off;

SET default_tablespace = '';

SET default_table_access_method = heap;

--
-- Name: deposits; Type: TABLE; Schema: public; Owner: postgres
--

CREATE TABLE public.deposits (
    user_id bigint NOT NULL,
    deposito real
);


ALTER TABLE public.deposits OWNER TO postgres;

--
-- Name: usuario; Type: TABLE; Schema: public; Owner: postgres
--

CREATE TABLE public.usuario (
    id bigint NOT NULL,
    account_age integer NOT NULL,
    age integer NOT NULL,
    balance real NOT NULL,
    debts real NOT NULL,
    income real NOT NULL,
    job character varying(255),
    name character varying(255)
);


ALTER TABLE public.usuario OWNER TO postgres;

--
-- Name: usuario_id_seq; Type: SEQUENCE; Schema: public; Owner: postgres
--

ALTER TABLE public.usuario ALTER COLUMN id ADD GENERATED BY DEFAULT AS IDENTITY (
    SEQUENCE NAME public.usuario_id_seq
    START WITH 1
    INCREMENT BY 1
    NO MINVALUE
    NO MAXVALUE
    CACHE 1
);


--
-- Name: withdrawals; Type: TABLE; Schema: public; Owner: postgres
--

CREATE TABLE public.withdrawals (
    user_id bigint NOT NULL,
    retiro real
);


ALTER TABLE public.withdrawals OWNER TO postgres;

--
-- Data for Name: deposits; Type: TABLE DATA; Schema: public; Owner: postgres
--

COPY public.deposits (user_id, deposito) FROM stdin;
3	7.5676576e+08
3	756765
3	756756
3	65756
3	765675
3	6.756756e+06
3	756
3	87898
3	900
3	89075
3	74565
3	5.456456e+06
2	6.788987e+06
2	78
2	6.657757e+08
2	5.6787568e+07
2	56767
2	789789
2	656
2	5787
2	87656
2	8.6787686e+08
2	6786
2	867677
1	453423
1	24324
1	23423
1	45345
1	3453
1	4.546456e+06
1	23423
1	44545
1	432343
1	45234
1	45634
1	53434
\.


--
-- Data for Name: usuario; Type: TABLE DATA; Schema: public; Owner: postgres
--

COPY public.usuario (id, account_age, age, balance, debts, income, job, name) FROM stdin;
3	678	45	67854	7.878767e+08	45798	Independiente	Benjamín Días
2	3	21	123123	123123	2.3123124e+07	Independiente	Testeo XD
1	4	21	2.3232324e+07	232323	2.3232324e+07	Independiente	Juan Pablo Cardenas
\.


--
-- Data for Name: withdrawals; Type: TABLE DATA; Schema: public; Owner: postgres
--

COPY public.withdrawals (user_id, retiro) FROM stdin;
3	56756
3	786788
3	678678
3	6.786357e+11
3	6.4564564e+07
3	45645
3	76778
3	56765
3	454565
3	-1.6457658e+09
3	85676
3	756556
2	234234
2	23423
2	423423
2	4324
2	3.435466e+06
2	77879
2	7897
2	67658
2	767
2	87978
2	878989
2	789786
1	12
1	312312
1	3213
1	3123
1	123123
1	123123
1	12312
1	123
1	123123
1	123123
1	12312
\.


--
-- Name: usuario_id_seq; Type: SEQUENCE SET; Schema: public; Owner: postgres
--

SELECT pg_catalog.setval('public.usuario_id_seq', 3, true);


--
-- Name: usuario usuario_pkey; Type: CONSTRAINT; Schema: public; Owner: postgres
--

ALTER TABLE ONLY public.usuario
    ADD CONSTRAINT usuario_pkey PRIMARY KEY (id);


--
-- Name: deposits fk56ufcmycxn23ew83l5s9x270c; Type: FK CONSTRAINT; Schema: public; Owner: postgres
--

ALTER TABLE ONLY public.deposits
    ADD CONSTRAINT fk56ufcmycxn23ew83l5s9x270c FOREIGN KEY (user_id) REFERENCES public.usuario(id);


--
-- Name: withdrawals fk9p96fe8ptmrx2h0f72jw3be9w; Type: FK CONSTRAINT; Schema: public; Owner: postgres
--

ALTER TABLE ONLY public.withdrawals
    ADD CONSTRAINT fk9p96fe8ptmrx2h0f72jw3be9w FOREIGN KEY (user_id) REFERENCES public.usuario(id);


--
-- PostgreSQL database dump complete
--

